"Generation","Average","Max","Min","BestGen","amountOfTours","repeatedGens","BestValue: 1350.5061"
0,2945.0327,2446.3582,3398.6626,";;14;13;15;38;36;35;3*46;19;24;4;21;37*26;41;34;28;12;17*16;11;9;45;2;30;29*20;6;25;31;18;5;23*7;40;39;32;42;33;44;22;43;1*47;8;27;10","7",""
1,2796.416,2439.7207,3311.1138,";;45;30;28;19;6;41;16*29;2;33;13;35;21;12*40;32;20;11;39;42*17;27;8;24;15;46;3;1*9;37;10;4;25;22;31;23*7;14;18;5;44;47*26;36;38;34;43","7",""
2,2688.4893,2328.7058,3107.4587,";;10;8;4;13;16;3;33;1;5;22*38;25;44;40;26;23;31*18;7;24;11;36*37;15;9;28;32;39;20*21;30;27;19;2;14*17;47;43;6;45;12*42;46;41;34;29;35","7",""
3,2613.401,2225.7954,3225.7803,";;14;13;15;38;36;35;3*46;40;33;9;11;21*12;41;32;20;4;39;42;17*27;8;16;30;29;28;6;25;31*18;5;44;7;24;34*26;37;19;23;22;43;1;47*45;2;10","7",""
4,2547.7222,2199.9255,3081.959,";;45;30;28;19;6;41;16*29;2;33;4;21;37;26*20;34;13;11;39*42;17;27;8;24;15;1;32;5*3;9;10;12;25;22;31;23*7;14;18;46;44;47*40;36;38;35;43","7",""
5,2491.0027,2118.1182,3001.009,";;33;29;36;3;40;44;6;22;1*5;25;19;11;21*17;23;28;8;10;16;7*9;45;2;30;15;38;26*24;13;46;4;42;20;32;27*34;39;35;12;37;18*47;41;14;43;31","7",""
6,2438.5393,2097.2283,2960.078,";;40;23;22;44;18;1;43;17;14*5;38;25;7;3;4*13;31;19;20;24*11;8;45;10;9;28;42*29;30;2;21;41;32;36;15;26*12;6;27;46;34*37;35;16;47;39;33","7",""
7,2399.5623,2086.7795,2889.4253,";;45;30;28;19;6;41;16*29;2;33;4;21;37;26*20;34;13;11;39*42;17;27;8;24;15;1;32;22;3*7;9;25;23;31;12;5;43*47;18;35;14;10;40;36*38;46;44","7",""
8,2348.5066,2035.0502,2921.688,";;45;30;28;19;6;41;16*29;2;4;33;21;37;26*20;34;13;11;39*42;17;27;8;24;15;1;32;22;3*7;9;25;23;31;12;5;43*47;18;35;14;10;46;36;40*38;44","7",""
9,2311.4553,2013.1312,2853.3867,";;40;23;22;44;18;1;43;17;14*5;38;25;7;3;4*13;31;19;39;42*11;8;45;10;9;28;24;29*30;46;21;36;32;41;15;16*2;12;35;6;37;26*47;27;34;20;33","7",""
10,2267.5513,1987.8329,2912.057,";;4;23;22;44;18;1;43;17;14;5*38;25;7;3;40*13;31;19;39;42*11;8;45;10;9;28;24;29*30;46;21;36;32;41;15;16*2;12;35;6;37;26*47;34;20;27;33","7",""
11,2219.9573,1937.8253,2878.2766,";;40;23;22;44;18;1;43;17;14*5;38;25;7;3;4*13;31;19;39;42*11;8;45;10;9;28;24;29*30;46;21;36;32;41;15;27;34*2;35;12;37;47;16*6;26;20;33","7",""
12,2162.1619,1932.8334,2917.7305,";;40;23;22;44;18;1;43;17;14*5;31;25;7;3;4;13*38;19;39;42;11;8*45;10;9;28;24;29;30;46*21;36;32;41;15;26;12*6;27;20;34;37;35*47;2;16;33","7",""
13,2120.2195,1903.6443,2835.5095,";;40;23;22;44;18;1;43;17;14*5;31;25;7;3;4;13*38;19;39;42;11;8*45;10;9;28;24;29;30;46*21;36;32;41;15;26;12*6;27;20;34;37;35*47;16;2;33","7",""
14,2080.5085,1903.6443,2838.6711,";;40;23;22;44;18;1;43;17;14*5;31;25;7;3;4;13*38;19;39;42;11;8*45;10;9;28;24;29;30;46*21;36;32;41;15;26;12*6;27;20;34;37;35*47;16;2;33","7",""
15,2033.888,1872.4064,2545.808,";;40;23;22;44;45;1;43;17;14;5*38;25;7;3;4;13*31;19;39;42;11;8;18*10;9;28;24;29;30;46;21*36;26;15;32;6;35;16;27*20;37;12;47;41*34;2;33","7",""
16,1999.5693,1840.1322,2598.7532,";;40;23;22;44;6;1;43;17*14;5;31;25;7;3;4*13;38;19;39;42*11;8;45;10;9;28;24;29*30;46;21;36;32;41;15;27;12*18;26;20;34;37;35*16;47;2;33","7",""
17,1958.7771,1796.4989,2395.5154,";;40;23;22;44;18;12;43;17*14;5;38;25;7;3;4*13;31;19;20;42*11;8;45;10;9;28;24;29*30;46;21;36;26;34;32*6;1;16;27;39;15;37;35*47;33;2;41","7",""
18,1922.6716,1779.1782,2326.9946,";;40;23;22;44;18;1;43;17;14*5;31;25;7;3;4;13*38;19;39;42;11;8*45;10;9;28;24;29;30;46*21;32;26;34;36;6*12;16;27;15;20;37;35*2;33;47;41","7",""
19,1888.863,1779.1782,2353.1858,";;40;23;22;44;18;1;43;17;14*5;31;25;7;3;4;13*38;19;39;42;11;8*45;10;9;28;24;29;30;46*21;36;26;34;32;6*12;16;27;15;20;37;35*2;33;47;41","7",""
20,1871.2086,1762.8671,2345.0315,";;40;23;22;44;18;1;43;17;14*5;31;25;7;3;4;13*38;19;39;42;11;8*45;10;9;28;24;29;30;46*21;36;26;34;32;6*12;16;27;15;20;37;35*47;33;2;41","7",""
21,1838.9749,1744.0359,2213.307,";;40;14;22;44;18;1;43;17;23*5;31;25;7;3;4;45*38;19;39;42;11;8*26;10;9;28;24;29;30;46*21;36;13;34;32;6*12;16;27;15;20;37;35*2;33;47;41","7",""
22,1815.6279,1732.429,2311.4004,";;40;23;32;44;18;1;43;17;14*26;31;25;7;3;4;13*38;19;39;42;11;8*5;10;9;28;24;29;30;46*21;36;45;34;22;6;12*16;27;20;15;37;41*2;33;47;35","7",""
23,1804.5256,1727.7247,2235.7095,";;40;23;22;44;18;1;43;17;14*5;31;25;7;3;4;13*38;19;39;42;11;8*26;10;9;28;24;29;30;46*21;36;45;34;32;6;12*16;27;15;20;37;35*47;33;2;41","7",""
24,1789.7721,1713.904,2197.741,";;35;23;22;44;18;1;43;17;14;5*31;25;7;3;4;13*38;19;39;42;11;8*26;10;9;28;24;29;30;46*21;36;34;45;32;6;12*16;27;15;20;37;41*47;33;2;40","7",""
25,1777.4812,1689.3387,2199.6602,";;40;23;22;44;18;12;43;17*14;5;31;25;7;3;4*13;38;19;39;42*11;8;26;10;9;15;24*29;30;46;21;36;45;34;32*6;1;16;27;20;37;35*47;28;33;2;41","7",""
26,1765.6465,1682.6034,2344.1602,";;35;23;22;44;18;12;43;17;14*5;31;25;7;3;4;13*38;19;8;42;11;39*26;10;9;28;24;29;30;46*21;36;45;47;32;6;1;16*27;15;20;37;41;2;33*34;40","7",""
27,1746.3044,1673.9878,2216.2312,";;35;23;22;44;18;12;43;17;14*5;31;25;7;3;4;28*38;19;39;42;11;8*26;10;9;13;24;29;30*46;21;36;45;34;32;6;1*16;27;15;20;37;41*47;33;2;40","7",""
28,1727.629,1659.6937,2134.6082,";;35;23;22;44;18;12;43;17;14*5;31;25;7;3;4;28*38;19;39;42;11;8*26;10;9;13;24;29;30*46;21;36;45;34;32;6;1*16;27;15;20;37;41*2;33;47;40","7",""
29,1716.7897,1652.3627,2149.9666,";;35;23;22;44;18;12;43;17;14*5;31;42;7;3;4*13;38;19;39;25*11;8;26;10;28;9;24*29;30;46;21;36;45;34;32*6;1;16;27;15;20*37;40;47;33;2;41","7",""
30,1707.6733,1652.3627,2150.322,";;35;23;22;44;18;12;43;17;14*5;31;25;7;3;4;13*38;19;39;42;11;8*26;10;28;9;24;29;30;46*21;36;45;34;32;6;1;16*27;15;20;37;40;47*33;2;41","7",""
31,1690.6741,1635.9728,2219.9255,";;35;23;22;44;18;12;43;17;14*5;31;25;7;3;4;13*38;19;39;42;11*20;26;10;28;9;24;29;30*46;21;36;45;34;32;6;1*16;27;15;8;37;41;2;33*47;40","7",""
32,1682.61,1635.9728,2073.0417,";;35;23;22;44;18;12;43;17;14*5;31;25;7;3;4;13*38;19;39;42;11*20;26;10;28;9;24;29;30*46;21;36;45;34;32;6;1*16;27;15;8;37;41;2;33*47;40","7",""
33,1676.8529,1635.9728,2096.4226,";;35;23;22;44;18;12;43;17;14*5;31;25;7;3;4;13*38;19;39;42;11*20;26;10;28;9;24;29;30*46;21;36;45;34;32;6;1*16;27;15;8;37;41;2;33*47;40","7",""
34,1676.8434,1616.1189,2083.0186,";;35;23;22;44;18;12;43;17;14*5;31;25;7;3;4;13*38;19;8;42;11;39*26;10;28;9;24;29;30;46*21;34;45;36;32;6;1;16*27;15;20;37;41;2;33*47;40","7",""
35,1667.9269,1601.7516,2147.307,";;35;23;22;44;18;12;43;17;14*5;31;25;7;3;4;13*38;19;8;42;11;39*26;10;28;9;24;29;30;46*21;36;45;34;32;6;1;40*27;15;20;37;16;47*33;2;41","7",""
36,1670.2827,1595.4242,2209.7805,";;35;23;22;44;18;12;43;17;14*5;31;25;7;3;4;13*38;19;39;42;11*20;26;10;28;9;24;29;30*46;21;36;45;34;32;6;1*40;27;15;8;37;16*47;33;2;41","7",""
37,1656.5579,1595.4242,2019.4424,";;35;23;22;44;18;12;43;20;14;5*31;25;7;3;4;13*38;19;39;42;11*17;26;10;28;9;24*29;30;46;21;36;45;34;32*6;1;40;27;15;8;37*16;47;33;2;41","7",""
38,1645.0043,1594.4221,2011.2649,";;35;23;22;44;18;12;43;17;14*5;31;25;7;3;4;28*38;19;8;42;32;39;26*47;9;13;24;29;30;46*21;36;45;34;11*6;1;40;27;15;20*37;16;10;33;2;41","7",""
39,1643.0217,1594.4221,2111.4265,";;35;23;22;44;18;12;43;17;14*5;31;25;7;3;4;28*38;19;8;42;11;39*26;47;9;13;24;29;30*46;21;36;45;34;32;6;1*40;27;15;20;37;16*10;33;2;41","7",""
40,1635.9369,1575.8583,2057.8337,";;35;23;22;44;18;12;43;17;14*5;31;25;38;3;4;13*7;19;39;42;11*20;26;10;28;9;24;29;30*46;21;36;45;34;32;6;1*40;27;15;8;37;16*47;33;2;41","7",""
41,1627.9261,1575.8583,2030.1671,";;35;23;22;44;18;12;43;17;14*5;31;25;38;3;4;13*7;19;39;42;11*20;26;10;28;9;24;29;30*46;21;36;45;34;32;6;1*40;27;15;8;37;16*47;33;2;41","7",""
42,1631.9457,1575.8583,2020.5076,";;35;23;22;44;18;12;43;17;14*5;31;25;38;3;4;13*7;19;39;42;11*20;26;10;28;9;24;29;30*46;21;36;45;34;32;6;1*40;27;15;8;37;16*47;33;2;41","7",""
43,1621.261,1572.5554,2020.5542,";;35;23;22;44;18;43;12;17;14*5;31;25;38;3;4;13*7;19;39;42;11*20;26;10;28;9;24;29;30*46;21;36;45;34;32;6;1*40;27;15;8;37;16*47;33;2;41","7",""
44,1607.7449,1568.3966,2063.4988,";;35;18;22;44;23;12;43;17;14*5;31;25;38;3;4;13*7;19;39;42;11*20;26;10;28;9;24;29;30*46;21;36;45;34;32;6;1*40;27;15;8;37;16*47;33;2;41","7",""
45,1596.1013,1568.3966,2082.2192,";;35;18;22;44;23;12;43;17;14*5;31;25;38;3;4;13*7;19;39;42;11*20;26;10;28;9;24;29;30*46;21;36;45;34;32;6;1*40;27;15;8;37;16*47;33;2;41","7",""
46,1594.6527,1561.7212,2000.6117,";;35;23;22;44;18;12;43;11;14*5;31;25;38;3;4;13*7;26;39;42;17*20;19;10;28;9;24*29;30;46;21;36;45;34;32*6;1;40;27;15;8;37*16;47;33;2;41","7",""
47,1594.377,1554.2595,2024.428,";;35;18;22;44;23;12;43;17;14*5;31;25;38;3;4;13*7;26;39;42;11*20;19;10;28;9;24*29;30;46;21;36;45;34;32*6;1;40;27;15;8;37*16;47;33;2;41","7",""
48,1593.7048,1549.8136,2027.7029,";;35;18;22;44;23;43;12;17;14*5;31;25;38;3;4;13*7;26;39;42;11*20;19;10;28;9;24*29;30;46;21;36;45;34;32*6;1;40;27;15;8;37*16;47;33;2;41","7",""
49,1586.8643,1536.2476,2013.6659,";;35;18;22;44;23;43;12;17;14*5;31;25;38;3;4;13*7;26;39;42;11*20;19;10;28;9;24*29;30;46;21;36;45;40;32*6;1;34;27;15;8;37*16;47;33;2;41","7",""
50,1581.1622,1535.0442,2027.3092,";;35;18;32;44;23;12;43;17;14;5*31;25;38;3;4;13*7;26;39;42;11*20;19;10;28;9;24*29;30;46;21;36;45;34;22*6;1;40;27;15;8;37*16;47;33;2;41","7",""
51,1573.7273,1523.2993,2092.637,";;35;18;32;44;23;12;43;17;14;5*31;25;38;3;4;13*7;26;39;42;11*20;19;10;28;9;24*29;30;46;21;36;45;40;22*6;1;34;27;15;8;37*16;47;33;2;41","7",""
52,1564.9155,1514.3658,2064.1396,";;35;18;32;44;23;12;43;17;14;5*31;38;25;3;4;13*7;26;39;42;11*20;19;10;28;9;24*29;30;46;21;36;45;40;22*6;1;34;27;15;8;37*16;47;33;2;41","7",""
53,1559.3918,1509.9199,2180.9248,";;35;18;32;44;23;43;12;17;14;5*31;38;25;3;4;13*7;26;39;42;11*20;19;10;28;9;24*29;30;46;21;36;45;40;22*6;1;34;27;15;8;37*16;47;33;2;41","7",""
54,1553.9877,1509.9199,2208.912,";;35;18;32;44;23;43;12;17;14;5*31;38;25;3;4;13*7;26;39;42;11*20;19;10;28;9;24*29;30;46;21;36;45;40;22*6;1;34;27;15;8;37*16;47;33;2;41","7",""
55,1542.7344,1508.2109,1968.5277,";;35;18;32;44;23;21;12;17;14*5;31;38;25;3;4;13*7;39;26;42;11*20;19;10;28;9;24*29;16;46;43;36;45;40;22*6;1;34;27;15;8;37;30*47;33;2;41","7",""
56,1541.0126,1508.2109,2097.791,";;35;18;32;44;23;43;12;17;14;5*31;38;25;3;4;13*7;39;26;42;11*20;19;10;28;9;24*29;30;46;21;36;45;40;22*6;1;34;27;15;8;37*16;47;33;2;41","7",""
57,1543.9198,1502.9572,1972.9541,";;35;18;32;44;23;43;12;17;14;31*5;38;25;3;4;13;22*26;39;42;11;20*19;10;28;9;24;29;30*46;21;36;45;40;7*6;1;34;27;15;8;37*16;47;33;2;41","7",""
58,1540.9384,1500.2971,2175.6638,";;35;32;18;44;23;43;12;17;14;5*31;38;25;3;4;13*7;26;39;42;11*20;29;10;28;9;24*19;30;46;21;36;45;40;22*6;1;34;27;15;8;37*16;47;33;2;41","7",""
59,1534.8676,1498.5881,2088.9553,";;35;32;18;5;23;43;12;17;14;44*31;38;25;3;4;13*7;39;26;42;11*20;19;10;28;9;24*29;30;46;21;36;45;40;22*6;1;34;27;15;8;37*16;47;33;2;41","7",""
60,1535.9042,1498.3302,2043.8317,";;35;32;18;44;23;43;12;17;14;5*31;38;25;3;4;13*7;39;26;42;11*20;19;10;28;9;24*29;46;30;21;36;45;40;22*6;1;34;27;15;8;37*16;47;33;2;41","7",""
61,1534.0045,1493.3345,1977.1273,";;35;32;18;44;23;43;12;17;14;31*5;38;25;3;4;13*7;26;39;42;11*20;19;10;28;9;24*29;30;46;21;36;45;40;22*6;1;34;27;15;8;37*16;47;33;2;41","7",""
62,1533.7665,1491.6255,2037.4052,";;35;32;18;44;23;43;12;17;14;31*5;38;1;3;4;13;7*39;26;42;11;20*19;10;28;47;24;29;30*46;21;36;45;40;22;6*25;34;27;15;8;37;16*9;33;2;41","7",""
63,1526.8983,1491.3676,2066.9333,";;35;32;18;44;23;43;12;17;14;31*5;38;25;3;4;13*7;39;26;42;11*20;19;10;28;9;24*29;46;30;21;36;45;40;22*6;1;34;27;15;8;37*16;47;33;2;41","7",""
64,1524.2012,1491.3676,1998.5603,";;35;32;18;44;23;43;12;17;14;31*5;38;25;3;4;13*7;39;26;42;11*20;34;10;28;9;24;29*46;30;21;36;45;40;22;6;1*19;27;15;8;37;16*47;33;2;41","7",""
65,1525.6986,1491.3676,2081.9685,";;35;32;18;44;23;43;12;17;14;31*5;38;25;3;4;13*7;39;26;42;11*20;19;10;28;9;24*29;46;30;21;36;45;40;22*6;1;34;27;15;8;37*16;47;33;2;41","7",""
66,1513.2593,1491.3676,2023.1132,";;35;32;18;44;23;43;12;17;14;31*5;38;25;3;4;13*7;39;26;42;11*20;19;10;28;9;24*29;46;30;21;36;45;40;22*6;1;34;27;15;8;37*16;47;33;2;41","7",""
67,1521.0884,1489.012,2021.4043,";;35;32;18;44;23;8;12;17;14;31*5;38;25;3;4;13*7;39;26;42;11*20;19;10;28;9;24*21;46;30;29;36;45;40;22*6;1;34;27;15;43;37*16;47;33;2;41","7",""
68,1510.8236,1489.012,1976.8801,";;35;32;18;44;23;43;12;17;14;31*5;38;25;3;4;13*7;39;26;42;11*20;19;10;28;9;24*21;46;30;29;36;45;40;22*6;1;34;27;15;8;37*16;47;33;2;41","7",""
69,1519.9677,1482.7964,2021.2715,";;35;32;18;44;23;43;12;17;14;31*5;21;25;19;4;13*7;39;26;42;11*20;3;10;28;9;24;29*46;30;38;36;45;40;22*6;1;34;27;15;8;37*16;47;33;2;41","7",""
70,1512.4489,1480.4409,1931.6646,";;35;32;18;44;23;43;12;17;14;31*5;38;25;19;4;13*7;39;26;42;11*20;3;10;28;9;24;21*46;30;29;36;45;40;22;6;1*34;27;15;8;37;16*47;33;2;41","7",""
71,1514.7745,1480.4409,1965.5436,";;35;32;18;44;23;43;12;17;14;31*5;38;25;19;4;13*7;39;26;42;11*20;3;10;28;9;24;21*46;30;29;36;45;40;22;6;1*34;27;15;8;37;16*47;33;2;41","7",""
72,1518.6305,1480.4409,2131.0874,";;35;32;18;44;23;43;12;17;14;31*5;38;25;19;4;13*7;39;26;42;11*20;3;10;28;9;24;21*46;30;29;36;45;40;22;6;1*34;27;15;8;37;16*47;33;2;41","7",""
73,1506.0471,1480.1829,1979.6923,";;35;32;18;44;23;43;12;17;14;31*5;38;25;19;4;13*7;39;26;42;11*20;3;10;28;9;24;21*45;46;29;36;30;40;22;6;1*34;27;15;8;37;16*47;33;2;41","7",""
74,1508.997,1430.6295,1975.3083,";;35;32;18;44;23;43;12;17;14;31*5;38;25;19;7*13;4;39;26;42;11*20;3;10;28;9;24;21*46;30;29;36;45;40;22;6;1*34;27;15;8;37;16*47;33;2;41","7",""
75,1507.2194,1430.6295,1948.6786,";;35;32;18;44;23;43;12;17;14;31*5;38;25;19;7*13;4;39;26;42;11*20;3;10;28;9;24;21*46;30;29;36;45;40;22;6;1*34;27;15;8;37;16*47;33;2;41","7",""
76,1495.965,1430.3715,1938.0852,";;35;32;18;44;23;43;12;17;14;31*5;38;25;19;7*13;4;39;26;42;11*20;3;10;28;9;24;21*30;46;29;36;45;40;22;6;1*34;27;15;8;37;16*47;33;2;41","7",""
77,1494.5591,1430.3715,1959.0984,";;35;32;18;44;23;43;12;17;14;31*5;38;25;19;7*13;4;39;26;42;11*20;3;10;28;9;24;21*30;46;29;36;45;40;22;6;1*34;27;15;8;37;16*47;33;2;41","7",""
78,1473.3402,1430.3715,2059.3164,";;35;32;18;44;23;43;12;17;14;31*5;38;25;19;7*13;4;39;26;42;11*20;3;10;28;9;24;21*30;46;29;36;45;40;22;6;1*34;27;15;8;37;16*47;33;2;41","7",""
79,1456.6649,1430.3715,1986.3588,";;35;32;18;44;23;43;12;17;14;31*5;38;25;19;7*13;4;39;26;42;11*20;3;10;28;9;24;21*30;46;29;36;45;40;22;6;1*34;27;15;8;37;16*47;33;2;41","7",""
80,1457.1411,1430.3715,1858.5919,";;35;32;18;44;23;43;12;17;14;31*5;38;25;19;7*13;4;39;26;42;11*20;3;10;28;9;24;21*30;46;29;36;45;40;22;6;1*34;27;15;8;37;16*47;33;2;41","7",""
81,1454.2723,1430.3715,1862.3624,";;35;32;18;44;23;43;12;17;14;31*5;38;25;19;7*13;4;39;26;42;11*20;3;10;28;27;24;21;30*46;29;36;45;40;22;6;1*34;9;15;8;37;16*47;33;2;41","7",""
82,1453.0496,1430.3715,1845.2777,";;35;32;18;44;23;43;12;17;14;31*5;38;25;19;7*13;4;39;26;42;11*20;3;10;28;9;24;21*30;46;29;36;45;40;22;6;1*34;27;15;8;37;16*47;33;2;41","7",""
83,1458.6893,1430.3715,2008.8883,";;35;32;18;44;23;43;12;17;14;31*5;38;25;19;7*13;4;39;26;42;11*20;3;10;28;9;24;21*30;46;29;36;45;40;22;6;1*34;27;15;8;37;16*47;33;2;41","7",""
84,1450.523,1430.3715,1848.1731,";;35;32;18;44;23;43;12;17;14;31*5;38;25;19;7*13;4;39;26;42;11*20;3;10;28;9;24;21*30;46;2;36;45;40;22*6;1;34;27;15;8;37*16;47;33;29;41","7",""
85,1458.2732,1430.3715,2014.366,";;35;32;18;44;23;43;12;17;14;31*5;38;25;19;7*13;4;39;26;42;11*20;3;10;28;9;24;21*30;46;29;36;45;40;22;6;1*34;27;15;8;37;16*47;33;2;41","7",""
86,1451.5056,1430.3715,1986.3588,";;35;32;18;44;23;43;12;17;14;31*5;38;25;19;7*13;4;39;26;42;11*20;3;10;28;9;24;21*30;46;29;36;45;40;22;6;1*34;27;15;8;37;16*47;33;2;41","7",""
87,1457.794,1430.3715,1988.5569,";;35;32;18;44;23;43;12;17;14;31*5;38;25;19;7*13;4;39;26;42;11*20;3;10;28;9;24;21*30;46;29;36;45;40;22;6;1*34;27;15;8;37;16*47;33;2;41","7",""
88,1454.158,1425.2141,1956.967,";;35;32;18;44;8;43;12;17;14;31*5;38;25;19;7*13;4;42;26;39;11*20;3;10;28;9;24;21*30;46;29;36;45;40;22;6;1*34;27;15;23;37;16*47;33;2;41","7",""
89,1460.3656,1425.2141,2008.8883,";;35;32;18;7;23;43;12;17*14;31;5;38;25;19;44*13;4;42;26;39;11*20;3;10;28;29;24;21;30*46;9;36;45;40;22;6;1*34;27;15;8;37;16*47;33;2;41","7",""
90,1453.5645,1425.2141,1858.7246,";;35;32;18;44;23;43;12;17;14;31*5;38;25;19;7*13;4;42;26;39;11*20;3;10;28;9;24;21*30;46;29;36;45;40;22;6;1*34;27;15;8;37;16*47;33;2;41","7",""
91,1453.6234,1425.2141,2007.0533,";;35;32;18;44;23;43;12;17;14;31*5;38;25;19;7*13;4;42;26;39;11*20;3;10;28;9;24;21*30;46;29;36;45;40;22;6;1*34;27;15;8;37;16*47;33;2;41","7",""
92,1457.1976,1425.2141,2047.7812,";;35;32;18;44;23;43;12;17;14;31*5;38;25;19;7*13;4;42;26;39;11*20;3;10;28;9;24;21*30;46;29;36;45;40;22;6;1*34;27;15;8;37;16*47;33;2;41","7",""
93,1453.4467,1425.2141,1838.3833,";;35;32;18;44;23;43;12;17;14;31*5;38;25;19;7*13;4;42;26;39;11*20;3;10;28;9;24;21*30;46;29;36;45;40;22;6;1*34;27;15;8;37;16*47;33;2;41","7",""
94,1451.1862,1425.2141,1924.9021,";;35;32;18;44;23;43;12;17;14;31*5;38;25;19;7*13;4;42;26;39;11*20;3;10;28;9;24;21*30;46;29;36;45;40;22;6;1*34;27;15;8;37;16*47;33;2;41","7",""
95,1447.9918,1408.6227,1833.9722,";;35;32;18;44;23;43;12;17;14;31*5;38;25;19;7*13;4;42;26;39;11*20;3;47;28;9;24*21;30;46;29;36;45;40;22*6;1;34;27;15;8;37*16;10;33;2;41","7",""
96,1452.8698,1388.7565,1919.9219,";;35;32;18;44;23;43;12;17;14;31*5;38;25;19;7*13;4;42;11;39;26*20;3;10;28;9;24;21*30;46;29;36;45;40;22;6;1*34;27;15;8;37;16*47;33;2;41","7",""
97,1445.2377,1388.7565,1966.8203,";;35;32;18;44;23;43;12;17;14;31*5;38;25;19;7*13;4;42;11;39;26*20;3;10;28;9;24;21*30;46;29;36;45;40;22;6;1*34;27;15;8;37;16*47;33;2;41","7",""
98,1444.362,1388.7565,1990.033,";;35;32;18;44;23;43;12;17;14;31*5;38;25;19;7*13;4;42;11;39;26*20;3;10;28;9;24;21*30;46;29;36;45;40;22;6;1*34;27;15;8;37;16*47;33;2;41","7",""
99,1442.332,1372.165,2048.0566,";;35;32;18;44;23;43;12;17;14;31*5;38;25;19;7*13;4;42;11;39;26*20;3;47;28;9;24*21;30;46;29;36;45;40;22*6;1;34;27;15;8;37*16;10;33;2;41","7",""
100,1430.4299,1370.1034,2012.1909,";;18;8;35;44;23;43;12;17;14;31*5;38;25;19;7*13;4;42;11;39;26*20;3;47;28;9;24*21;30;46;29;36;45;40;22*6;1;34;27;15;32;37*16;10;33;2;41","7",""
101,1408.4376,1370.1034,2093.8918,";;18;32;35;44;23;43;12;17;14;31*5;38;25;19;7*13;4;42;11;39;26*20;3;47;28;9;24*21;30;46;29;36;45;40;22*6;1;34;27;15;8;37*16;10;33;2;41","7",""
102,1419.5778,1370.1034,2051.2122,";;18;32;35;44;23;43;12;17;14;31*5;38;25;19;7*13;4;42;11;39;26*20;3;47;28;9;24*21;30;46;29;36;45;40;22*6;1;34;27;15;8;37*16;10;33;2;41","7",""
103,1406.2195,1370.1034,1974.6764,";;18;32;35;44;23;43;12;17;14;31*5;38;25;19;7*13;4;42;11;39;26*20;3;47;28;9;24*21;30;46;29;36;45;40;22*6;1;34;27;15;8;37*16;10;33;2;41","7",""
104,1402.2194,1370.1034,2051.2122,";;18;32;35;44;23;43;12;17;14;31*5;38;25;19;7*13;4;42;11;39;26*20;3;47;28;9;24*21;30;46;29;36;45;40;22*6;1;34;27;15;8;37*16;10;33;2;41","7",""
105,1401.3258,1357.2344,1952.6249,";;18;44;35;32;23;43;12;17;14;31*5;38;25;19;7*13;4;42;11;39;26*20;3;47;28;9;24*21;30;46;29;36;45;40;22*6;1;34;27;15;8;37*16;10;33;2;41","7",""
106,1402.3484,1357.2344,2014.2317,";;18;44;35;32;23;43;12;17;14;31*5;38;25;19;7*13;4;42;11;39;26*20;3;24;28;9;47*21;30;46;29;36;45;40;22*6;1;34;27;15;8;37*16;10;33;2;41","7",""
107,1398.3955,1357.2344,1928.2004,";;18;44;35;32;23;43;12;17;14;31*5;38;25;19;7*13;4;42;11;39;26*20;3;47;28;9;24*21;30;46;29;36;45;40;22*6;1;34;27;15;8;37*16;10;33;2;41","7",""
108,1390.666,1357.2344,1983.8187,";;18;44;35;32;23;43;12;17;14;31*5;38;25;19;7*13;4;42;11;39;26*20;3;47;28;9;24*21;30;46;29;36;45;40;22*6;1;34;27;15;8;37*16;10;33;2;41","7",""
109,1392.3523,1357.2344,2039.6198,";;18;44;35;32;23;43;12;17;14;31*5;38;25;19;7*13;4;42;11;39;26*20;3;47;28;9;24*21;30;46;29;36;45;40;22*6;1;34;27;15;8;37*16;10;33;2;41","7",""
110,1386.2024,1357.2344,1958.1193,";;18;44;35;32;23;43;12;17;14;31*5;38;25;19;7*13;4;42;11;39;26*20;3;47;28;9;24*21;30;46;29;36;45;40;22*6;1;34;27;15;8;37*16;10;33;2;41","7",""
111,1391.3698,1357.2344,2079.711,";;18;44;35;32;23;43;12;17;14;31*5;38;25;19;7*13;4;42;11;39;26*20;3;47;28;9;24*21;30;46;29;36;45;40;22*6;1;34;27;15;8;37*16;10;33;2;41","7",""
112,1390.8187,1357.2344,1908.2648,";;18;44;35;32;23;43;12;17;14;31*5;38;25;19;7*13;4;42;11;39;26*20;3;47;28;9;24*21;30;46;29;36;45;40;22*6;1;34;27;15;8;37*16;10;33;2;41","7",""
113,1382.0087,1357.2344,1895.3079,";;18;44;35;32;23;43;12;17;14;31*5;38;25;19;7*13;4;42;11;39;26*20;3;47;28;9;24*21;30;46;29;36;45;40;22*6;1;34;27;15;8;37*16;10;33;2;41","7",""
114,1393.1299,1357.2344,2008.968,";;18;44;35;32;23;43;12;17;14;31*5;38;25;19;7*13;4;42;11;39;26*20;3;47;28;9;24*21;30;46;29;36;45;40;22*6;1;34;27;15;8;37*16;10;33;2;41","7",""
115,1390.6572,1357.2344,1953.353,";;18;44;35;32;23;43;12;17;14;31*5;38;25;19;7*13;4;42;11;39;26*20;3;47;28;9;24*21;30;46;29;36;45;40;22*6;1;34;27;15;8;37*16;10;33;2;41","7",""
116,1387.123,1357.2344,2036.2817,";;18;44;35;32;23;43;12;17;14;31*5;38;25;19;7*13;4;42;11;39;26*20;3;47;28;9;24*21;30;46;29;36;45;40;22*6;1;34;27;15;8;37*16;10;33;2;41","7",""
117,1386.0629,1357.2344,1960.3931,";;18;44;35;32;23;43;12;17;14;31*5;38;25;19;7*13;4;42;11;39;26*20;3;47;28;9;24*21;30;46;29;36;45;40;22*6;1;34;27;15;8;37*16;10;33;2;41","7",""
118,1381.4626,1357.2344,2061.3105,";;18;44;35;32;23;43;12;17;14;31*5;38;25;19;7*13;4;42;11;39;26*20;3;47;28;9;24*21;30;46;29;36;45;40;22*6;1;34;27;15;8;37*16;10;33;2;41","7",""
119,1388.5739,1357.2344,1960.3931,";;18;44;35;32;23;43;12;17;14;31*5;38;25;19;7*13;4;42;11;39;26*20;3;47;28;9;24*21;30;46;29;36;45;40;22*6;1;34;27;15;8;37*16;10;33;2;41","7",""
120,1396.7177,1357.2344,1997.9009,";;18;44;35;32;23;43;12;17;14;31*5;38;25;19;7*13;4;42;11;39;26*20;3;47;28;9;24*21;30;46;29;36;45;40;22*6;1;34;27;15;8;37*16;10;33;2;41","7",""
121,1394.9722,1357.2344,1891.3494,";;18;44;35;32;23;43;12;17;14;31*5;38;25;19;7*13;4;42;11;39;26*20;3;47;28;9;24*21;30;46;29;36;45;40;22*6;1;34;27;15;8;37*16;10;33;2;41","7",""
122,1387.0782,1357.2344,1960.3931,";;18;44;35;32;23;43;12;17;14;31*5;38;25;19;7*13;4;42;11;39;26*20;3;47;28;9;24*21;30;46;29;36;45;40;22*6;1;34;27;15;8;37*16;10;33;2;41","7",""
123,1393.0555,1357.2344,1959.7457,";;18;44;35;32;23;43;12;17;14;31*5;38;25;19;7*13;4;42;11;39;26*20;3;47;28;9;24*21;30;46;29;36;45;40;22*6;1;34;27;15;8;37*16;10;33;2;41","7",""
124,1398.8201,1357.2344,1993.998,";;18;44;35;32;23;43;12;17;14;31*5;38;25;19;7*13;4;42;11;39;26*20;3;47;28;9;24*21;30;46;29;36;45;40;22*6;1;34;27;15;8;37*16;10;33;2;41","7",""
125,1390.0729,1357.2344,2033.008,";;18;44;35;32;23;43;12;17;14;31*5;38;25;19;7*13;4;42;11;39;26*20;3;47;28;9;24*21;30;46;29;36;45;40;22*6;1;34;27;15;8;37*16;10;33;2;41","7",""
126,1386.6176,1357.2344,2039.4645,";;18;44;35;32;23;43;12;17;14;31*5;38;25;19;7*13;4;42;11;39;26*20;3;47;28;9;24*21;30;46;29;36;45;40;22*6;1;34;27;15;8;37*16;10;33;2;41","7",""
127,1383.6302,1357.2344,2036.2817,";;18;44;35;32;23;43;12;17;14;31*5;38;25;19;7*13;4;42;11;39;26*20;3;47;28;9;24*21;30;46;29;36;45;40;22*6;1;34;27;15;8;37*16;10;33;2;41","7",""
128,1394.4343,1357.2344,2008.968,";;18;44;35;32;23;43;12;17;14;31*5;38;25;19;7*13;4;42;11;39;26*20;3;47;28;9;24*21;30;46;29;36;45;40;22*6;1;34;27;15;8;37*16;10;33;2;41","7",""
129,1388.2052,1350.8524,2036.2817,";;18;44;35;32;23;43;12;17;14;31*5;37;25;19;7*13;4;42;11;39;26*20;3;47;28;9;24*46;30;21;29;36;45;40;22*6;1;34;27;15;8;38*16;10;33;2;41","7",""
130,1391.1259,1350.8524,2061.3105,";;18;44;35;32;23;43;12;17;14;31*5;38;25;19;7*13;4;42;11;39;26*20;3;47;28;9;24*46;30;21;29;36;45;40;22*6;1;34;27;15;8;37*16;10;33;2;41","7",""
131,1380.7703,1350.8524,1913.6471,";;18;44;35;32;23;43;12;17;14;31*5;38;25;19;7*13;4;42;11;39;26*20;3;47;28;9;24*46;30;21;29;36;45;40;22*6;1;34;27;15;8;37*16;10;33;2;41","7",""
132,1397.1875,1350.8524,2039.4645,";;18;44;35;32;23;43;12;17;14;31*5;38;25;19;7*13;4;42;11;39;26*20;3;47;28;9;24*46;30;21;29;36;45;40;22*6;1;34;27;15;8;37*16;10;33;2;41","7",""
133,1376.3228,1350.8524,2002.586,";;18;44;35;32;23;43;12;17;14;31*5;38;25;19;7*13;4;42;11;39;26*20;3;47;28;9;24*46;30;21;29;36;45;40;22*6;1;34;27;15;8;37*16;10;33;2;41","7",""
134,1381.8683,1350.8524,1902.7134,";;18;44;35;32;23;43;12;17;14;31*5;38;25;19;7*13;4;42;11;39;26*20;3;47;28;9;24*46;30;21;29;36;45;40;22*6;1;34;27;15;8;37*16;10;33;2;41","7",""
135,1379.1145,1350.8524,1991.5189,";;18;44;35;32;23;43;12;17;14;31*5;38;25;19;7*13;4;42;11;39;26*20;3;47;28;9;24*46;30;21;29;36;45;40;22*6;1;34;27;15;8;37*16;10;33;2;41","7",""
136,1384.8341,1350.8524,2062.1892,";;18;44;35;32;23;43;12;17;14;31*5;38;25;19;7*13;4;42;11;39;26*20;3;47;28;9;24*46;30;21;29;36;45;40;22*6;1;34;27;15;8;37*16;10;33;2;41","7",""
137,1376.4751,1350.8524,2072.579,";;18;44;35;32;23;43;12;17;14;31*5;38;25;19;7*13;4;42;11;39;26*20;3;47;28;9;24*46;30;21;29;36;45;40;22*6;1;34;27;15;8;37*16;10;33;2;41","7",""
138,1379.4911,1350.8524,2073.3289,";;18;44;35;32;23;43;12;17;14;31*5;38;25;19;7*13;4;42;11;39;26*20;3;47;28;9;24*46;30;21;29;36;45;40;22*6;1;34;27;15;8;37*16;10;33;2;41","7",""
139,1376.2328,1350.8524,1893.7006,";;18;44;35;32;23;43;12;17;14;31*5;38;25;19;7*13;4;42;11;39;26*20;3;47;28;9;24*46;30;21;29;36;45;40;22*6;1;34;27;15;8;37*16;10;33;2;41","7",""
140,1378.4991,1350.8524,1980.5208,";;18;44;35;32;23;43;12;17;14;31*5;38;25;19;7*13;4;42;11;39;26*20;3;47;28;9;24*46;30;21;29;36;45;40;22*6;1;34;27;15;8;37*16;10;33;2;41","7",""
141,1383.9384,1350.8524,1980.5208,";;18;44;35;32;23;43;12;17;14;31*5;38;25;19;7*13;4;42;11;39;26*20;3;47;28;9;24*46;30;21;29;36;45;40;22*6;1;34;27;15;8;37*16;10;33;2;41","7",""
142,1375.3296,1350.8524,1857.2372,";;18;44;35;32;23;43;12;17;14;31*5;38;25;19;7*13;4;42;11;39;26*20;3;47;28;9;24*46;30;21;29;36;45;40;22*6;1;34;27;15;8;37*16;10;33;2;41","7",""
143,1382.6283,1350.8524,2029.8998,";;18;44;35;32;23;43;12;17;14;31*5;38;25;19;7*13;4;42;11;39;26*20;3;47;28;9;24*46;30;21;29;36;45;40;22*6;1;34;27;15;8;37*16;10;33;2;41","7",""
144,1382.96,1350.8524,2072.579,";;18;44;35;32;23;43;12;17;14;31*5;38;25;19;7*13;4;42;11;39;26*20;3;47;28;9;24*46;30;21;29;36;45;40;22*6;1;34;27;15;8;37*16;10;33;2;41","7",""
145,1378.9601,1350.8524,1908.9495,";;18;44;35;32;23;43;12;17;14;31*5;38;25;19;7*13;36;42;11;39;26*20;3;47;28;9;24*46;30;21;29;4;45;40;22;6;1*34;27;15;8;37;16;10*33;2;41","7",""
146,1380.3315,1350.8524,1872.2719,";;18;44;35;32;23;43;12;17;14;31*5;38;25;19;7*13;4;42;11;39;26*20;3;47;28;9;24*46;30;21;29;36;45;40;22*6;1;34;27;15;8;37*16;2;33;10;41","7",""
147,1389.9019,1350.8524,2001.5662,";;18;44;35;32;23;43;12;17;14;31*5;38;25;19;7*13;4;42;11;39;26*20;3;47;28;9;24*46;30;21;29;36;45;40;22*6;1;34;27;15;8;37*16;10;33;2;41","7",""
148,1385.026,1350.8524,1913.3236,";;18;44;35;32;23;43;12;17;14;31*5;38;25;19;7*13;4;42;11;39;26*20;3;47;28;9;24*46;30;21;29;36;45;40;22*6;1;34;27;15;8;37*16;10;33;2;41","7",""
149,1374.2744,1350.8524,2054.9285,";;18;44;35;32;23;43;12;17;14;31*5;38;25;19;7*13;4;42;11;39;26*20;3;47;28;9;24*46;30;21;29;36;45;40;22*6;1;34;27;15;8;37*16;10;33;2;41","7",""
150,1392.771,1350.8524,2073.3289,";;18;44;35;32;23;43;12;17;14;31*5;38;25;19;7*13;4;42;11;39;26*20;3;47;28;9;24*46;30;21;29;36;45;40;22*6;1;34;27;15;8;37*16;10;33;2;41","7",""
151,1382.3129,1350.8524,1938.9031,";;18;44;35;32;23;43;12;17;14;31*5;38;25;19;7*13;4;42;11;39;26*20;3;47;28;9;24*46;30;21;29;36;45;40;22*6;1;34;27;15;8;37*16;10;33;2;41","7",""
152,1376.5819,1350.8524,1902.7134,";;18;44;35;32;23;43;12;17;14;31*5;38;25;19;7*13;4;42;11;39;26*20;3;47;28;9;24*46;30;21;29;36;45;40;22*6;1;34;27;15;8;37*16;10;33;2;41","7",""
153,1383.9536,1350.8524,2033.0825,";;18;44;35;32;23;43;12;17;14;31*5;38;25;19;7*13;4;42;11;39;26*20;3;47;28;9;24*46;30;21;29;36;45;40;22*6;1;34;27;15;8;37*16;10;33;2;41","7",""
154,1382.0161,1350.8524,1879.6866,";;18;44;35;32;23;43;12;17;14;31*5;38;25;19;7*13;4;42;11;39;26*20;3;47;28;9;24*46;30;21;29;36;45;40;22*6;1;34;27;15;8;37*16;10;33;2;41","7",""
155,1378.1893,1350.8524,1853.9568,";;18;44;35;32;23;43;12;17;14;31*5;38;25;19;7*13;4;42;11;39;26*20;3;47;28;9;24*46;30;21;29;36;45;40;22*6;1;34;27;15;8;37*16;10;33;2;41","7",""
156,1383.4152,1350.8524,1888.5536,";;18;44;35;32;23;43;12;17;14;31*5;38;25;19;7*13;4;42;11;39;26*20;3;47;28;9;24*46;30;21;29;36;45;40;22*6;1;34;27;15;8;37*16;10;33;2;41","7",""
157,1388.9525,1350.5061,1977.5717,";;18;44;35;32;23;43;12;14;33;31;5*38;25;19;7*13;4;42;11;39;26*20;3;47;28;9;24*46;30;21;29;36;45;40;22*6;1;34;27;15;8;37*16;10;17;2;41","7",""
158,1387.0356,1350.5061,2077.3943,";;18;44;35;32;23;43;12;14;17;31*5;38;25;19;7*13;4;42;11;39;26*20;3;47;28;9;24*46;30;21;29;36;45;40;22*6;1;34;27;15;8;37*16;10;33;2;41","7",""
159,1386.5858,1350.5061,1957.4275,";;18;44;35;32;23;43;12;14;17;31*5;38;25;19;7*13;4;42;11;39;26*20;3;47;28;9;24*46;30;21;29;36;45;40;22*6;1;34;27;15;8;37*16;10;33;2;41","7",""
160,1385.4641,1350.5061,2074.5183,";;18;44;35;32;23;43;12;14;17;31*5;45;25;19;7;13*4;42;11;39;26;20;3*47;28;9;24;46;30;21*29;36;38;40;22;6;1*34;27;15;8;37;16;10*33;2;41","7",""
161,1385.7651,1350.5061,2002.586,";;18;44;35;32;23;43;12;14;17;31*5;38;25;19;7*13;4;42;11;39;26*20;3;47;28;9;24*46;30;21;29;36;45;40;22*6;1;34;27;15;8;37*16;10;33;2;41","7",""
162,1388.1936,1350.5061,1949.3145,";;18;44;35;32;23;43;12;14;17;31*5;38;25;19;7*13;4;42;11;39;26*20;3;47;28;9;24*46;30;21;29;36;45;40;22*6;1;34;27;15;8;37*16;10;33;2;41","7",""
163,1375.8888,1350.5061,1888.3954,";;18;44;35;32;23;43;12;14;17;31*5;38;25;19;7*13;4;42;11;39;26*20;3;47;28;9;24*46;30;21;29;36;45;40;22*6;1;34;27;15;8;37*16;10;33;2;41","7",""
164,1382.1467,1350.5061,1885.5948,";;18;44;35;32;23;43;12;14;17;31*5;38;25;19;7*13;4;42;11;39;26*20;3;47;29;9;24*46;30;21;28;36;45;40;22*6;1;34;27;15;8;37*16;10;33;2;41","7",""
165,1382.0992,1350.5061,1883.675,";;18;44;35;32;23;43;12;14;17;31*5;38;25;19;7*13;4;42;11;39;26*20;3;47;28;9;24*46;30;21;29;36;45;40;22*6;1;34;27;15;8;37*16;10;33;2;41","7",""
166,1385.5184,1350.5061,1893.9855,";;18;44;35;32;23;43;12;14;17;31*5;38;25;19;7*13;4;42;11;39;26*20;3;47;28;9;24*46;30;21;29;36;45;40;22*6;1;34;27;15;8;37*16;10;33;2;41","7",""
167,1383.4956,1350.5061,1888.3954,";;18;44;35;32;23;43;12;14;17;31*5;38;25;19;7*13;4;42;11;39;26*20;3;47;28;9;24*46;30;21;29;36;45;40;22*6;1;34;27;15;8;37*16;10;33;2;41","7",""
168,1387.6212,1350.5061,1893.8552,";;18;44;35;32;23;43;12;14;17;31*5;38;25;19;7*13;4;42;11;39;26*20;3;47;28;9;24*46;30;21;29;36;45;40;22*6;1;34;27;15;8;37*16;10;33;2;41","7",""
169,1387.8116,1350.5061,1923.2529,";;18;44;35;32;23;43;12;14;17;31*5;38;25;19;7*13;4;42;11;39;26*20;3;47;28;9;24*46;30;21;29;36;45;40;22*6;1;34;27;15;8;37*16;10;33;2;41","7",""
170,1379.5903,1350.5061,1879.9993,";;18;44;35;32;23;43;12;14;17;31*5;38;25;19;7*13;4;42;11;39;26*20;3;47;28;9;24*46;30;21;29;36;45;40;22*6;1;34;27;15;8;37*16;10;33;2;41","7",""
171,1387.3197,1350.5061,2072.2327,";;18;44;35;32;23;43;12;14;17;31*5;38;25;19;7*13;4;42;11;39;26*20;3;47;28;9;24*46;30;21;29;36;45;40;22*6;1;34;27;15;8;37*16;10;33;2;41","7",""
172,1384.5396,1350.5061,1997.5082,";;18;44;35;32;23;43;12;14;17;31*5;38;25;19;7*13;4;42;11;39;26*20;3;47;28;9;24*46;30;21;29;36;45;40;22*6;1;34;27;15;8;37*16;10;33;2;41","7",""
173,1379.5186,1350.5061,1902.3671,";;18;44;35;32;23;43;12;14;17;31*5;38;25;19;7*13;4;42;11;39;26*20;3;47;28;9;24*46;30;21;29;36;45;40;22*6;1;34;27;15;8;37*16;10;33;2;41","7",""
174,1395.186,1350.5061,1974.0018,";;18;44;35;32;23;43;12;14;17;31*5;38;25;19;7*13;4;42;11;39;26*20;3;47;28;9;24*46;30;21;29;36;45;40;22*6;1;34;27;15;8;37*16;10;33;2;41","7",""
175,1374.1678,1350.5061,2001.1965,";;18;44;35;32;23;43;12;14;17;31*5;38;25;19;7*13;4;42;11;39;26*20;3;47;28;9;24*46;30;21;29;36;45;40;22*6;1;34;27;15;8;37*16;10;33;2;41","7",""
176,1380.9393,1350.5061,1893.9855,";;18;44;35;32;23;43;12;14;17;31*5;38;25;19;7*13;4;42;11;39;26*20;3;47;28;9;24*46;30;21;29;36;45;40;22*6;1;34;27;15;8;37*16;10;33;2;41","7",""
177,1378.9673,1350.5061,1993.2444,";;18;44;35;32;23;5;12;14;17*31;43;38;25;19;7*13;4;42;11;39;26*20;3;47;28;9;24*46;30;21;29;36;45;40;22*6;1;34;27;15;8;37*16;10;33;2;41","7",""
178,1383.921,1350.5061,1923.2529,";;18;44;35;32;23;43;12;14;17;31*5;38;25;19;7*13;4;42;11;39;26*20;3;47;28;9;24*46;30;21;29;36;45;40;22*6;1;34;27;15;8;37*16;10;33;2;41","7",""
179,1382.076,1350.5061,1947.4186,";;18;44;35;32;23;43;12;14;17;31*5;38;25;19;7*13;4;42;11;39;26*20;3;47;28;9;24*46;30;21;29;36;45;40;22*6;1;34;27;15;8;37*16;10;33;2;41","7",""
180,1382.2991,1350.5061,1989.8132,";;18;44;35;32;23;43;12;14;17;31*5;38;25;19;7*13;4;42;11;39;26*20;3;47;28;9;24*46;30;21;29;36;45;40;22*6;1;34;27;15;8;37*16;10;33;2;41","7",""
181,1377.6921,1350.5061,1989.8132,";;18;44;35;32;23;43;12;14;17;31*5;38;25;19;7*13;4;42;11;39;26*20;3;47;28;9;24*46;30;21;29;36;45;40;22*6;1;34;27;15;8;37*16;10;33;2;41","7",""
182,1379.9825,1350.5061,1883.675,";;18;44;35;32;23;43;12;14;17;31*5;38;25;19;7*13;4;42;11;39;26*20;3;47;28;9;24*46;30;21;29;36;45;40;22*6;1;34;27;15;8;37*16;10;33;2;41","7",""
183,1377.5646,1350.5061,1864.1926,";;18;44;35;32;23;43;12;14;17;31*5;38;25;19;7*13;4;42;11;39;26*20;3;47;28;9;24*46;30;21;29;36;45;40;22*6;1;34;27;15;8;37*16;10;33;2;41","7",""
184,1390.8134,1350.5061,1993.2444,";;18;44;35;32;23;43;12;14;17;31*5;38;25;19;7*13;4;42;11;39;26*20;3;47;28;9;24*46;30;21;29;36;45;40;22*6;1;34;27;15;8;37*16;10;33;2;41","7",""
185,1384.7317,1350.5061,1883.675,";;18;44;35;32;23;43;12;14;17;31*5;38;25;19;7*13;4;42;11;39;26*20;3;47;28;9;24*46;30;21;29;36;45;40;22*6;1;34;27;15;8;37*16;10;33;2;41","7",""
186,1378.8131,1350.5061,1938.674,";;18;44;35;32;23;43;12;14;17;31*5;38;25;19;7*13;4;42;11;39;26*20;3;47;28;9;24*46;30;21;29;36;45;40;22*6;1;34;27;15;8;37*16;10;33;2;41","7",""
187,1377.6362,1350.5061,1953.6648,";;18;44;35;32;23;43;12;14;17;31*5;38;25;19;7*13;4;42;11;39;26*20;3;47;28;9;24*46;30;21;29;36;45;40;22*6;1;34;27;15;8;37*16;10;33;2;41","7",""
188,1382.2756,1350.5061,2072.2327,";;18;44;35;32;23;43;12;14;17;31*5;38;25;19;7*13;4;42;11;39;26*20;3;47;28;9;24*46;30;21;29;36;45;40;22*6;1;34;27;15;8;37*16;10;33;2;41","7",""
189,1384.2395,1350.5061,1966.9808,";;18;44;35;32;23;43;12;14;17;31*5;38;25;19;7*13;4;42;11;39;26*20;3;47;28;9;24*46;30;21;29;36;45;40;22*6;1;34;27;15;8;37*16;10;33;2;41","7",""
190,1388.5627,1350.5061,1938.674,";;18;44;35;32;23;43;12;14;17;31*5;38;25;19;7*13;4;42;11;39;26*20;3;47;28;9;24*46;30;21;29;36;45;40;22*6;1;34;27;15;8;37*16;10;33;2;41","7",""
191,1378.6279,1350.5061,1919.483,";;18;44;35;32;23;43;12;14;17;31*5;38;25;19;7*13;4;42;11;39;26*20;3;47;28;9;24*46;30;21;29;36;45;40;22*6;1;34;27;15;8;37*16;10;33;2;41","7",""
192,1386.9539,1350.5061,1941.6813,";;18;44;35;32;23;43;12;14;17;31*5;38;25;19;7*13;4;42;11;39;26*20;3;47;28;9;24*46;30;21;29;36;45;40;22*6;1;34;27;15;8;37*16;10;33;2;41","7",""
193,1382.0149,1350.5061,1938.674,";;18;44;35;32;23;43;12;14;17;31*5;38;25;19;7*13;4;42;11;39;26*20;3;47;28;9;24*46;30;21;29;36;45;40;22*6;1;34;27;15;8;37*16;10;33;2;41","7",""
194,1391.1472,1350.5061,1953.6648,";;18;44;35;32;23;43;12;14;17;31*5;38;25;19;7*13;4;42;11;39;26*20;3;47;28;9;24*46;30;21;29;36;45;40;22*6;1;34;27;15;8;37*16;10;33;2;41","7",""
195,1382.6027,1350.5061,1936.5356,";;18;44;35;32;23;43;12;14;17;31*5;38;25;19;7*13;4;42;11;39;26*20;3;47;28;9;24*46;30;21;29;36;45;40;22*6;1;34;27;15;8;37*16;10;33;2;41","7",""
196,1390.7267,1350.5061,1935.4329,";;18;44;35;32;23;43;12;14;17;31*5;38;25;19;7*13;4;42;11;39;26*20;3;47;28;9;24*46;30;21;29;36;45;40;22*6;1;34;27;15;8;37*16;10;33;2;41","7",""
197,1393.6105,1350.5061,1902.3671,";;18;44;35;32;23;43;12;14;17;31*5;38;25;19;7*13;4;42;11;39;26*20;3;47;28;9;24*46;30;21;29;36;45;40;22*6;1;34;27;15;8;37*16;10;33;2;41","7",""
198,1380.0533,1350.5061,1941.6813,";;18;44;35;32;23;43;12;14;17;31*5;38;25;19;7*13;4;42;11;39;26*20;3;47;28;9;24*46;30;21;29;36;45;40;22*6;1;34;27;15;8;37*16;10;33;2;41","7",""
199,1387.6378,1350.5061,1993.2444,";;18;44;35;32;23;43;12;14;17;31*5;38;25;19;7*13;4;42;11;39;26*20;3;47;28;9;24*46;30;21;29;36;45;40;22*6;1;34;27;15;8;37*16;10;33;2;41","7",""
